,m1,m2,m3,m4,selection
0,0,3,4,0,other
1,0,13,6,0,other
2,0,5,7,27,balanced
3,0,6,8,60,balanced
4,1,7,8,61,turned
5,0,5,8,0,other
6,0,6,8,36,balanced
7,0,8,9,0,other
8,0,8,9,19,balanced
9,0,2,10,22,balanced
10,0,4,10,64,reaction
11,0,9,11,56,balanced
12,0,8,11,25,reaction
13,0,7,11,66,reaction
14,4,7,12,41,turned
15,3,8,12,0,other
16,1,6,12,41,turned
17,0,9,12,48,balanced
18,0,7,12,45,balanced
19,9,10,13,21,turned
20,0,12,13,15,balanced
21,0,7,13,48,reaction
22,4,5,13,37,turned
23,3,7,13,35,turned
24,0,12,13,39,balanced
25,0,8,13,27,balanced
26,0,7,13,26,reaction
27,0,10,13,45,reaction
28,0,10,14,17,balanced
29,0,12,14,18,reaction
30,0,9,14,73,reaction
31,0,11,14,90,balanced
32,2,12,15,0,other
33,5,8,15,29,turned
34,0,10,15,42,balanced
35,0,8,15,49,balanced
36,2,13,15,67,turned
37,3,12,16,53,turned
38,0,11,16,81,reaction
39,0,10,16,68,reaction
40,0,8,16,27,reaction
41,0,15,16,61,balanced
42,0,13,16,36,balanced
43,0,8,16,24,balanced
44,1,8,16,93,turned
45,0,12,16,79,reaction
46,0,14,16,28,reaction
47,0,14,16,34,reaction
48,11,12,17,45,turned
49,0,6,17,69,reaction
50,0,15,17,26,reaction
51,3,8,17,0,other
52,0,14,17,0,other
53,0,7,17,37,reaction
54,0,14,17,37,balanced
55,0,13,17,47,balanced
56,0,12,17,0,other
57,0,16,17,23,balanced
58,0,15,18,86,reaction
59,0,5,18,35,reaction
60,0,12,18,82,reaction
61,0,17,18,53,balanced
62,4,7,18,26,turned
63,10,16,18,67,turned
64,13,17,18,42,turned
65,0,16,19,40,reaction
66,9,14,19,0,other
67,9,10,19,36,turned
68,0,12,19,23,reaction
69,10,16,19,21,turned
70,0,15,20,24,reaction
71,0,12,20,30,balanced
72,0,15,20,50,reaction
73,10,11,20,24,turned
74,1,14,20,54,turned
75,0,19,20,80,reaction
76,12,13,20,40,turned
77,15,16,20,59,turned
78,6,10,21,30,turned
79,0,17,21,43,reaction
80,0,18,21,45,reaction
81,0,19,21,49,reaction
82,0,20,21,88,balanced
83,0,15,21,23,reaction
84,3,17,21,0,other
85,0,26,21,78,balanced
86,0,19,22,28,reaction
87,0,19,22,45,balanced
88,0,13,22,53,reaction
89,2,9,22,33,turned
90,0,14,22,38,reaction
91,0,3,22,39,reaction
92,0,6,22,44,reaction
93,0,14,22,32,reaction
94,0,20,22,38,reaction
95,3,14,22,81,turned
96,8,14,22,37,turned
97,2,12,22,24,turned
98,0,14,22,64,reaction
99,16,17,22,49,turned
100,8,19,22,0,other
101,0,9,22,59,reaction
102,0,14,23,40,balanced
103,11,18,23,27,turned
104,0,15,23,0,other
105,0,10,23,35,reaction
106,0,17,23,49,reaction
107,0,21,23,31,reaction
108,10,22,23,35,turned
109,5,9,23,27,turned
110,0,9,23,79,balanced
111,0,21,23,79,balanced
112,0,13,24,80,reaction
113,0,14,24,26,reaction
114,5,17,24,29,turned
115,0,16,24,50,balanced
116,0,18,24,42,reaction
117,0,7,24,28,balanced
118,7,14,24,46,turned
119,10,15,24,64,turned
120,0,15,24,89,reaction
121,0,7,24,62,balanced
122,0,18,24,44,balanced
123,2,19,24,57,turned
124,11,23,24,62,turned
125,11,20,24,0,other
126,0,13,24,50,reaction
127,0,9,25,46,balanced
128,9,11,25,88,turned
129,5,13,25,28,turned
130,10,22,25,46,turned
131,0,18,25,36,reaction
132,0,7,25,0,other
133,0,10,25,45,balanced
134,0,23,25,55,reaction
135,0,10,25,68,reaction
136,0,19,25,72,reaction
137,8,16,25,65,turned
138,0,18,25,39,reaction
139,11,23,25,43,turned
140,0,6,25,0,other
141,0,16,25,35,balanced
142,0,6,25,32,balanced
143,0,16,25,58,balanced
144,5,14,25,64,turned
145,0,16,25,39,reaction
146,0,14,25,66,balanced
147,2,21,26,68,turned
148,0,21,26,0,other
149,0,24,26,48,balanced
150,0,21,26,34,reaction
151,0,23,26,0,other
152,0,24,26,93,reaction
153,20,24,26,47,turned
154,10,16,26,57,turned
155,0,25,26,65,balanced
156,0,24,26,84,reaction
157,10,22,26,36,turned
158,0,17,26,56,reaction
159,0,13,26,46,balanced
160,0,7,26,61,balanced
161,3,19,26,34,turned
162,2,10,26,50,turned
163,0,23,27,57,balanced
164,0,21,27,90,balanced
165,0,25,27,49,reaction
166,0,21,27,82,reaction
167,4,18,27,87,turned
168,0,9,27,34,reaction
169,15,26,27,52,turned
170,5,12,27,91,turned
171,0,13,27,60,balanced
172,6,17,27,87,turned
173,0,16,27,44,balanced
174,0,21,27,52,balanced
175,1,2,27,76,turned
176,0,3,27,48,balanced
177,0,20,27,0,other
178,0,15,27,53,reaction
179,9,16,27,47,turned
180,1,23,27,0,other
181,0,22,27,56,reaction
182,21,22,27,0,other
183,0,16,27,0,other
184,0,26,27,45,balanced
185,0,19,27,75,reaction
186,0,21,28,49,reaction
187,0,25,28,63,balanced
188,14,17,28,70,turned
189,0,25,28,44,balanced
190,7,16,28,35,turned
191,0,22,28,0,other
192,0,13,28,48,balanced
193,0,23,28,47,reaction
194,14,18,28,66,turned
195,0,25,28,61,reaction
196,0,23,28,94,balanced
197,0,25,28,55,balanced
198,0,17,28,0,other
199,0,20,28,62,reaction
200,0,19,28,44,reaction
201,6,15,28,64,turned
202,0,25,28,37,balanced
203,0,26,28,0,other
204,0,10,28,69,balanced
205,0,11,28,63,balanced
206,0,24,28,44,reaction
207,6,15,28,51,turned
208,0,20,28,46,reaction
209,0,27,28,47,reaction
210,0,24,28,72,reaction
211,0,7,28,86,balanced
212,0,25,28,31,balanced
213,0,6,28,57,balanced
214,0,15,28,0,other
215,0,18,28,58,reaction
216,0,19,28,59,balanced
217,8,21,29,56,turned
218,19,20,29,0,other
219,3,21,29,49,turned
220,1,26,29,35,turned
221,0,20,29,52,balanced
222,0,28,29,0,other
223,0,15,29,42,reaction
224,0,17,29,41,reaction
225,0,13,29,66,balanced
226,0,7,29,36,balanced
227,0,20,29,35,balanced
228,0,20,29,44,reaction
229,0,23,29,57,reaction
230,0,27,29,63,balanced
231,14,17,29,44,turned
232,0,25,29,44,balanced
233,15,22,29,44,turned
234,16,18,29,42,turned
235,0,16,29,48,reaction
236,0,24,30,38,reaction
237,0,24,30,60,balanced
238,0,27,30,38,reaction
239,0,29,30,33,balanced
240,0,25,30,36,balanced
241,17,21,30,0,other
242,0,20,30,37,balanced
243,9,26,30,75,turned
244,10,23,30,50,turned
245,11,25,30,80,turned
246,0,18,30,80,reaction
247,0,15,30,69,reaction
248,17,20,30,87,turned
249,6,23,30,40,turned
250,0,26,30,89,reaction
251,0,12,30,55,reaction
252,0,15,30,62,reaction
253,0,13,30,55,reaction
254,6,18,30,0,other
255,0,27,30,80,balanced
256,3,27,30,36,turned
257,0,16,30,0,other
258,0,27,30,73,balanced
259,22,25,30,74,turned
260,7,27,30,38,turned
261,0,19,30,43,balanced
262,0,21,31,42,balanced
263,0,29,31,84,balanced
264,0,29,31,32,balanced
265,0,18,31,0,other
266,0,18,31,84,reaction
267,5,15,31,34,turned
268,11,20,31,36,turned
269,0,19,31,78,reaction
270,1,24,31,43,turned
271,8,11,31,58,turned
272,14,21,31,46,turned
273,0,10,31,60,balanced
274,0,28,31,86,reaction
275,0,24,31,56,balanced
276,0,28,31,0,other
277,6,13,31,72,turned
278,0,24,31,35,reaction
279,0,30,31,55,balanced
280,0,30,31,37,reaction
281,0,27,31,0,other
282,3,28,31,70,turned
283,0,17,32,38,reaction
284,0,24,32,52,balanced
285,0,21,32,73,balanced
286,0,20,32,63,balanced
287,0,30,32,84,balanced
288,0,30,32,89,reaction
289,0,23,32,43,balanced
290,0,31,32,52,balanced
291,11,27,32,57,turned
292,0,18,32,80,balanced
293,0,27,32,47,balanced
294,0,16,32,44,balanced
295,0,16,32,87,reaction
296,0,16,32,85,reaction
297,0,31,32,87,reaction
298,8,16,32,37,turned
299,0,27,32,78,balanced
300,0,29,32,53,balanced
301,19,27,33,90,turned
302,1,31,33,58,turned
303,0,12,33,85,balanced
304,7,18,33,43,turned
305,7,27,33,45,turned
306,0,30,33,45,balanced
307,0,11,33,38,reaction
308,0,26,33,54,reaction
309,0,15,33,51,balanced
310,3,27,33,47,turned
311,3,22,33,49,turned
312,0,32,33,0,other
313,11,25,33,35,turned
314,0,29,33,37,balanced
315,13,15,33,80,turned
316,0,19,33,38,reaction
317,0,32,34,0,other
318,0,5,34,46,balanced
319,0,8,34,71,reaction
320,0,30,34,46,reaction
321,0,30,34,77,balanced
322,11,13,34,85,turned
323,0,19,34,0,other
324,0,16,34,46,balanced
325,0,7,34,66,reaction
326,0,30,0,33,reaction
327,0,17,34,39,balanced
328,1,20,34,57,turned
329,0,30,34,43,balanced
330,0,32,34,90,reaction
331,0,18,34,38,balanced
332,16,23,34,56,turned
333,1,3,34,38,turned
334,17,21,34,42,turned
335,0,22,35,48,reaction
336,0,31,35,48,balanced
337,0,15,35,91,reaction
338,7,29,35,69,turned
339,21,29,35,53,turned
340,0,21,35,58,reaction
341,8,26,35,73,turned
342,0,10,35,0,other
343,0,12,35,0,other
344,19,20,35,50,turned
345,29,30,35,0,other
346,0,34,35,85,reaction
347,0,8,35,66,balanced
348,11,27,35,53,turned
349,0,15,35,38,reaction
350,4,23,35,0,other
351,0,24,35,56,reaction
352,0,13,35,55,reaction
353,0,30,35,45,balanced
354,0,27,36,57,reaction
355,17,27,36,41,turned
356,4,20,36,71,turned
357,12,31,36,38,turned
358,0,26,36,38,balanced
359,0,18,36,87,reaction
360,0,33,36,58,reaction
361,0,21,36,70,balanced
362,10,33,36,50,turned
363,0,28,36,90,balanced
364,0,20,36,73,reaction
365,0,17,36,46,reaction
366,4,9,36,67,turned
367,0,11,36,88,reaction
368,14,21,36,40,turned
369,11,14,36,0,other
370,0,12,36,58,reaction
371,27,30,36,46,turned
372,0,6,36,53,balanced
373,9,29,36,45,turned
374,32,34,36,45,turned
375,29,34,36,51,turned
376,0,31,36,46,balanced
377,0,32,36,38,reaction
378,0,16,36,66,reaction
379,0,22,36,71,balanced
380,0,9,36,0,other
381,0,30,36,42,balanced
382,0,16,36,86,reaction
383,0,17,36,43,reaction
384,0,16,36,47,reaction
385,0,9,36,0,other
386,0,28,37,56,reaction
387,0,32,37,67,reaction
388,0,26,37,87,balanced
389,21,23,37,90,turned
390,0,16,37,52,balanced
391,0,23,37,56,reaction
392,0,22,37,80,reaction
393,2,21,37,40,turned
394,19,23,37,53,turned
395,13,31,37,83,turned
396,4,27,37,49,turned
397,0,34,37,53,reaction
398,0,31,37,0,other
399,0,34,37,50,reaction
400,25,31,37,46,turned
401,0,30,37,92,balanced
402,0,30,37,62,reaction
403,0,17,37,75,reaction
404,0,18,37,39,balanced
405,7,35,37,56,turned
406,0,30,37,88,balanced
407,0,35,37,52,reaction
408,0,26,38,46,reaction
409,0,32,38,54,balanced
410,0,32,38,80,reaction
411,0,11,38,45,reaction
412,6,25,38,81,turned
413,0,20,38,81,reaction
414,3,29,38,58,turned
415,0,37,38,74,reaction
416,9,32,38,39,turned
417,0,31,38,78,reaction
418,3,18,38,64,turned
419,0,33,38,49,reaction
420,0,30,38,91,balanced
421,0,19,38,48,balanced
422,0,30,38,74,balanced
423,0,32,38,42,reaction
424,19,23,38,51,turned
425,0,33,38,63,reaction
426,0,33,38,55,reaction
427,0,16,38,0,other
428,0,0,38,41,other
429,0,15,38,51,reaction
430,27,34,38,43,turned
431,0,28,38,49,reaction
432,22,28,38,76,turned
433,0,10,38,89,reaction
434,24,37,38,0,other
435,0,6,38,61,balanced
436,0,32,38,62,balanced
437,0,37,38,53,balanced
438,0,29,38,0,other
439,0,32,38,57,balanced
440,0,8,38,45,reaction
441,30,35,38,0,other
442,24,34,38,49,turned
443,0,18,38,48,balanced
444,18,22,39,85,turned
445,0,36,39,63,reaction
446,0,37,39,44,reaction
447,3,27,39,63,turned
448,28,36,39,65,turned
449,12,13,39,64,turned
450,15,28,39,47,turned
451,0,33,39,62,reaction
452,0,18,39,92,balanced
453,17,35,39,60,turned
454,4,27,39,0,other
455,0,29,39,0,other
456,0,37,39,73,balanced
457,0,28,39,57,balanced
458,0,24,39,77,reaction
459,0,36,39,66,balanced
460,1,8,39,70,turned
461,1,12,39,61,turned
462,0,19,39,81,balanced
463,19,35,39,86,turned
464,14,26,39,52,turned
465,0,32,39,69,balanced
466,27,35,39,43,turned
467,0,8,39,0,other
468,0,26,39,92,balanced
469,0,37,39,92,reaction
470,13,31,39,52,turned
471,0,37,39,59,reaction
472,21,25,39,59,turned
473,7,9,39,75,turned
474,0,37,39,42,reaction
475,0,28,39,64,reaction
476,0,30,40,78,reaction
477,30,36,40,49,turned
478,0,22,40,0,other
479,33,38,40,47,turned
480,0,33,40,82,balanced
481,0,24,40,0,other
482,15,23,40,79,turned
483,0,84,40,0,other
484,0,37,40,0,other
485,3,13,40,77,turned
486,2,24,40,53,turned
487,0,36,40,0,other
488,0,21,40,92,balanced
489,0,37,40,72,balanced
490,0,34,40,51,reaction
491,0,21,40,52,reaction
492,0,27,40,42,balanced
493,0,22,40,84,reaction
494,0,28,40,77,balanced
495,0,22,40,51,reaction
496,23,37,40,62,turned
497,0,31,40,44,balanced
498,0,25,40,56,balanced
499,0,22,40,76,reaction
500,3,13,40,82,turned
501,19,30,40,57,turned
502,0,22,40,68,balanced
503,5,25,40,51,turned
504,16,20,40,81,turned
505,1,12,41,88,turned
506,12,32,41,0,other
507,0,10,41,0,other
508,0,13,41,80,balanced
509,0,33,41,76,reaction
510,0,25,41,60,reaction
511,0,29,41,51,reaction
512,10,24,41,0,other
513,5,7,41,0,other
514,0,27,41,61,balanced
515,27,39,41,49,turned
516,0,22,41,0,other
517,0,29,41,43,reaction
518,0,36,41,46,reaction
519,7,16,41,64,turned
520,0,39,41,61,reaction
521,4,17,41,67,turned
522,11,19,41,49,turned
523,23,28,41,0,other
524,0,39,41,73,reaction
525,15,35,41,42,turned
526,0,27,41,77,reaction
527,0,14,42,69,balanced
528,0,9,42,68,reaction
529,0,35,42,78,reaction
530,0,22,42,58,balanced
531,0,41,42,65,balanced
532,0,4,42,44,balanced
533,45,39,42,0,other
534,0,34,42,58,reaction
535,15,17,42,0,other
536,0,14,42,0,other
537,0,41,42,66,reaction
538,0,23,42,0,other
539,0,9,42,79,balanced
540,0,13,42,45,balanced
541,0,35,42,51,reaction
542,0,39,42,60,balanced
543,35,38,42,61,turned
544,15,25,42,0,other
545,1,38,42,45,turned
546,0,35,42,86,reaction
547,0,20,42,74,reaction
548,0,37,42,44,balanced
549,0,32,42,55,reaction
550,1,9,42,63,turned
551,1,16,42,68,turned
552,13,21,42,51,turned
553,0,22,42,61,reaction
554,0,12,42,0,other
555,0,31,42,69,reaction
556,0,16,42,90,balanced
557,0,27,42,0,other
558,0,24,42,72,balanced
559,0,13,42,0,other
560,0,13,43,51,reaction
561,0,22,43,53,reaction
562,0,41,43,59,balanced
563,0,22,43,59,balanced
564,0,17,43,84,reaction
565,0,30,43,49,balanced
566,0,37,43,72,balanced
567,0,33,43,0,other
568,0,37,43,45,reaction
569,0,19,43,70,balanced
570,0,15,43,47,balanced
571,0,16,43,84,reaction
572,18,38,43,47,turned
573,0,29,43,44,balanced
574,0,31,43,47,balanced
575,0,15,43,74,reaction
576,4,8,43,79,turned
577,16,33,43,59,turned
578,0,18,43,80,reaction
579,23,38,43,54,turned
580,0,10,43,45,reaction
581,0,38,43,81,balanced
582,0,34,43,74,reaction
583,0,27,43,88,balanced
584,0,32,43,56,balanced
585,17,23,43,61,turned
586,34,35,43,54,turned
587,0,37,43,46,balanced
588,0,25,43,90,balanced
589,33,41,43,71,turned
590,0,20,43,0,other
591,0,25,44,79,balanced
592,0,30,44,77,balanced
593,0,20,44,50,balanced
594,10,17,44,57,turned
595,0,35,44,64,balanced
596,9,33,44,77,turned
597,0,15,44,46,reaction
598,0,43,44,51,reaction
599,9,27,44,0,other
600,0,7,44,83,balanced
601,0,27,44,68,reaction
602,0,26,44,58,balanced
603,5,13,44,48,turned
604,0,20,44,62,balanced
605,13,27,44,69,turned
606,0,34,44,74,balanced
607,15,32,44,68,turned
608,0,27,44,46,balanced
609,0,41,44,46,balanced
610,0,35,44,55,reaction
611,0,35,44,81,balanced
612,0,21,44,65,reaction
613,14,23,44,45,turned
614,0,15,44,81,balanced
615,0,37,44,91,balanced
616,0,24,44,75,reaction
617,2,19,44,46,turned
618,0,35,44,76,reaction
619,0,25,44,47,reaction
620,0,21,44,94,reaction
621,0,38,44,70,reaction
622,0,40,44,60,balanced
623,0,9,44,0,other
624,4,19,44,55,turned
625,5,21,44,71,turned
626,15,19,44,93,turned
627,0,38,45,64,balanced
628,24,36,45,90,turned
629,2,4,45,75,turned
630,0,38,45,82,reaction
631,2,19,45,88,turned
632,0,41,45,67,balanced
633,9,42,45,0,other
634,0,33,45,59,reaction
635,0,38,45,0,other
636,0,38,45,53,reaction
637,5,10,45,48,turned
638,0,53,45,0,other
639,38,41,45,58,turned
640,0,21,45,79,balanced
641,31,37,45,76,turned
642,0,27,45,83,reaction
643,0,30,45,67,balanced
644,22,30,45,46,turned
645,11,35,45,74,turned
646,0,42,45,0,other
647,0,38,45,78,reaction
648,0,27,45,61,reaction
649,0,0,45,70,other
650,0,35,45,60,balanced
651,0,26,45,94,balanced
652,0,14,45,50,balanced
653,4,36,45,68,turned
654,0,36,46,49,reaction
655,0,29,46,77,balanced
656,0,28,46,71,balanced
657,0,36,46,77,reaction
658,0,29,46,63,balanced
659,0,38,46,88,reaction
660,2,30,46,81,turned
661,0,40,46,78,balanced
662,0,24,46,0,other
663,18,32,46,50,turned
664,0,36,46,48,balanced
665,3,6,46,50,turned
666,0,31,46,59,balanced
667,0,20,46,67,balanced
668,0,42,46,53,balanced
669,0,17,46,71,balanced
670,0,40,46,59,balanced
671,20,42,46,71,turned
672,0,42,46,66,reaction
673,19,32,46,0,other
674,24,43,46,68,turned
675,0,39,46,85,balanced
676,2,25,46,47,turned
677,0,42,46,49,reaction
678,29,45,46,81,turned
679,0,43,46,47,reaction
680,0,39,46,54,reaction
681,13,40,46,49,turned
682,0,43,46,63,balanced
683,0,30,46,73,balanced
684,0,33,46,0,other
685,12,24,46,70,turned
686,12,25,46,69,turned
687,19,33,46,65,turned
688,5,26,46,55,turned
689,1,9,46,85,turned
690,0,23,46,77,reaction
691,0,43,46,60,balanced
692,26,28,46,85,turned
693,0,39,46,53,reaction
694,0,10,46,51,reaction
695,0,33,46,74,reaction
696,0,35,46,47,balanced
697,11,17,46,64,turned
698,26,32,46,58,turned
699,0,33,46,0,other
700,0,17,46,60,balanced
701,35,41,46,69,turned
702,8,43,46,84,turned
703,0,38,46,64,reaction
704,34,44,46,59,turned
705,0,33,46,59,balanced
706,0,42,46,57,balanced
707,0,38,46,76,balanced
708,0,38,46,63,balanced
709,6,14,46,0,other
710,26,34,47,51,turned
711,0,42,47,67,reaction
712,0,27,47,74,reaction
713,0,22,47,88,balanced
714,22,39,47,57,turned
715,4,13,47,76,turned
716,0,33,47,52,balanced
717,0,45,47,56,reaction
718,0,33,47,73,balanced
719,0,38,47,86,balanced
720,1,26,47,88,turned
721,0,35,47,84,reaction
722,0,40,47,81,reaction
723,0,44,47,80,reaction
724,28,30,47,90,turned
725,0,45,47,73,reaction
726,0,26,47,56,balanced
727,0,8,47,60,reaction
728,0,19,47,66,balanced
729,29,33,47,54,turned
730,0,46,47,73,balanced
731,0,41,47,0,other
732,0,18,47,51,balanced
733,10,16,47,0,other
734,0,35,47,65,reaction
735,0,35,47,0,other
736,3,32,47,0,other
737,0,45,47,76,balanced
738,9,35,47,69,turned
739,0,37,47,50,reaction
740,28,45,47,48,turned
741,0,32,47,86,balanced
742,0,46,47,92,reaction
743,26,46,47,67,turned
744,0,38,47,50,reaction
745,0,37,47,59,balanced
746,0,21,47,54,balanced
747,4,24,47,71,turned
748,1,35,47,53,turned
749,0,38,47,80,balanced
750,0,42,47,74,reaction
751,0,21,47,83,balanced
752,0,43,47,0,other
753,0,26,47,91,reaction
754,0,45,48,80,reaction
755,0,20,48,62,reaction
756,0,13,48,71,balanced
757,9,18,48,85,turned
758,0,40,48,0,other
759,0,18,48,72,reaction
760,37,42,48,56,turned
761,0,32,48,92,reaction
762,0,27,48,89,balanced
763,0,42,48,91,balanced
764,0,0,48,69,other
765,0,10,48,74,balanced
766,0,45,48,49,reaction
767,0,44,48,62,balanced
768,0,39,48,58,reaction
769,0,35,48,63,reaction
770,0,46,48,0,other
771,0,28,48,52,reaction
772,0,39,48,85,reaction
773,0,27,48,59,balanced
774,0,33,48,80,balanced
775,12,15,48,71,turned
776,0,41,48,0,other
777,31,40,48,77,turned
778,9,26,48,56,turned
779,0,23,48,0,other
780,0,41,48,80,balanced
781,13,42,48,72,turned
782,0,32,49,79,balanced
783,0,36,49,59,balanced
784,0,22,49,66,reaction
785,33,46,49,0,other
786,0,40,49,62,balanced
787,0,12,49,53,balanced
788,23,34,49,65,turned
789,0,35,49,85,balanced
790,0,36,49,59,balanced
791,0,17,49,86,reaction
792,12,43,49,0,other
793,0,41,49,85,balanced
794,0,22,49,62,balanced
795,0,44,49,73,reaction
796,0,40,49,78,balanced
797,0,34,49,76,balanced
798,0,19,49,0,other
799,0,27,49,85,balanced
800,0,48,49,59,balanced
801,9,23,49,53,turned
802,0,18,49,79,balanced
803,0,25,49,60,balanced
804,0,32,49,94,reaction
805,0,26,49,63,balanced
806,0,23,49,53,reaction
807,0,34,49,77,balanced
808,19,35,49,0,other
809,0,29,49,80,reaction
810,0,41,49,60,balanced
811,2,47,49,81,turned
812,7,29,49,63,turned
813,31,41,49,74,turned
814,0,30,49,74,reaction
815,30,47,49,75,turned
816,0,33,49,55,balanced
817,0,9,49,81,balanced
818,0,48,49,60,reaction
819,0,41,49,90,balanced
820,0,32,50,84,balanced
821,0,45,50,91,reaction
822,0,19,50,85,balanced
823,36,38,50,68,turned
824,17,47,50,71,turned
825,23,42,50,90,turned
826,0,15,50,95,balanced
827,0,34,50,81,reaction
828,0,33,50,57,reaction
829,0,46,50,72,balanced
830,0,37,50,57,reaction
831,0,26,50,55,reaction
832,0,35,50,55,reaction
833,0,45,50,52,reaction
834,0,24,50,71,reaction
835,24,45,50,63,turned
836,3,19,50,52,turned
837,0,44,50,93,reaction
838,6,45,50,82,turned
839,0,48,50,65,reaction
840,23,47,50,0,other
841,33,41,50,83,turned
842,0,39,50,78,balanced
843,0,49,50,87,reaction
844,39,46,50,78,turned
845,20,44,50,60,turned
846,23,48,50,54,turned
847,0,47,50,52,reaction
848,11,42,50,63,turned
849,39,47,50,67,turned
850,0,42,50,78,balanced
851,0,45,50,73,balanced
852,0,48,50,67,balanced
853,23,37,50,58,turned
854,12,22,50,66,turned
855,0,42,50,86,reaction
856,11,38,51,59,turned
857,0,45,51,68,balanced
858,0,48,51,55,balanced
859,0,22,51,54,reaction
860,0,48,51,65,reaction
861,0,36,51,93,reaction
862,0,0,51,75,other
863,4,33,51,74,turned
864,18,28,51,0,other
865,0,39,51,87,balanced
866,0,15,51,52,reaction
867,0,27,51,63,reaction
868,0,43,51,60,reaction
869,0,38,51,53,reaction
870,0,37,51,73,reaction
871,0,45,51,77,reaction
872,0,14,51,71,balanced
873,8,21,51,69,turned
874,2,11,51,73,turned
875,0,33,51,83,reaction
876,18,30,51,55,turned
877,0,38,51,62,balanced
878,0,38,51,57,reaction
879,0,40,51,62,balanced
880,19,49,51,72,turned
881,22,34,51,55,turned
882,0,17,51,0,other
883,0,29,51,82,reaction
884,38,48,51,81,turned
885,0,26,51,78,reaction
886,0,13,51,82,balanced
887,0,30,51,88,balanced
888,0,34,51,90,balanced
889,0,11,51,72,balanced
890,34,38,51,70,turned
891,0,40,52,79,balanced
892,23,37,52,0,other
893,0,31,52,70,balanced
894,0,39,52,0,other
895,0,20,52,90,balanced
896,40,49,52,66,turned
897,15,43,52,64,turned
898,0,49,52,65,reaction
899,0,19,52,60,reaction
900,0,37,52,0,other
901,0,15,52,85,reaction
902,10,50,52,79,turned
903,13,50,52,60,turned
904,8,38,52,74,turned
905,3,22,52,71,turned
906,0,49,52,61,balanced
907,0,39,52,81,reaction
908,19,49,52,64,turned
909,0,48,52,89,reaction
910,14,43,52,70,turned
911,0,46,52,80,balanced
912,0,26,52,87,reaction
913,38,45,52,77,turned
914,0,35,52,90,reaction
915,8,12,52,64,turned
916,45,47,52,73,turned
917,0,37,52,65,balanced
918,0,41,52,91,reaction
919,0,36,52,88,reaction
920,0,49,52,83,balanced
921,0,19,52,78,reaction
922,35,49,52,55,turned
923,3,47,52,55,turned
924,0,49,52,56,reaction
925,0,45,52,59,reaction
926,38,44,52,77,turned
927,7,30,52,70,turned
928,0,42,53,57,balanced
929,0,46,53,59,balanced
930,0,44,53,55,reaction
931,0,38,53,71,reaction
932,0,33,53,69,reaction
933,11,42,53,93,turned
934,0,49,53,72,reaction
935,0,23,53,71,reaction
936,0,41,53,58,reaction
937,16,30,53,56,reaction
938,0,47,53,80,balanced
939,0,51,53,90,balanced
940,0,51,53,74,reaction
941,0,40,53,89,reaction
942,11,50,53,87,turned
943,14,42,53,66,turned
944,0,41,53,57,reaction
945,0,48,53,71,reaction
946,0,42,53,0,other
947,0,29,53,77,balanced
948,0,45,53,90,balanced
949,45,51,53,78,turned
950,9,19,53,64,turned
951,0,20,53,82,reaction
952,0,50,53,64,reaction
953,0,49,53,61,reaction
954,0,17,53,66,balanced
955,12,16,53,62,turned
956,0,29,53,75,reaction
957,18,47,53,81,turned
958,24,46,53,86,turned
959,0,38,53,54,balanced
960,0,47,53,66,balanced
961,37,49,53,93,turned
962,0,49,53,66,balanced
963,24,51,53,0,other
964,10,45,53,0,other
965,0,14,53,63,balanced
966,0,14,53,69,balanced
967,7,47,53,90,turned
968,8,28,53,0,other
969,5,21,53,72,turned
970,0,44,53,91,balanced
971,0,36,54,60,reaction
972,8,47,54,88,turned
973,0,47,54,56,balanced
974,0,38,54,56,balanced
975,0,42,54,90,reaction
976,0,46,54,81,balanced
977,73,42,54,0,other
978,0,38,54,59,reaction
979,0,37,54,64,reaction
980,0,47,54,75,reaction
981,0,35,54,92,balanced
982,5,10,54,56,turned
983,0,44,54,86,reaction
984,0,31,54,0,other
985,0,51,54,72,balanced
986,26,51,54,59,turned
987,0,32,54,73,reaction
988,9,47,54,60,turned
989,0,47,54,63,reaction
990,23,50,54,0,other
991,6,11,54,78,turned
992,0,37,54,62,reaction
993,20,28,48,83,turned
994,0,45,54,60,balanced
995,5,31,54,78,turned
996,0,48,54,76,reaction
997,0,9,54,0,other
998,0,46,54,86,reaction
999,0,39,54,71,reaction
1000,0,33,54,92,reaction
1001,0,50,54,59,balanced
1002,3,40,54,57,turned
1003,0,43,54,58,reaction
1004,0,42,55,82,reaction
1005,0,9,55,59,balanced
1006,0,51,55,73,reaction
1007,0,49,55,63,reaction
1008,0,44,55,62,balanced
1009,0,44,55,75,balanced
1010,0,52,55,57,reaction
1011,0,33,55,58,reaction
1012,0,44,55,58,balanced
1013,0,37,55,72,reaction
1014,18,20,55,76,turned
1015,0,53,55,60,reaction
1016,0,42,55,81,reaction
1017,10,27,55,0,other
1018,0,45,55,58,balanced
1019,49,52,55,62,turned
1020,8,12,55,93,turned
1021,0,40,55,69,balanced
1022,0,47,55,87,reaction
1023,18,43,55,0,other
1024,0,38,55,80,balanced
1025,0,45,55,81,reaction
1026,38,46,55,0,other
1027,11,23,55,70,turned
1028,0,35,55,81,reaction
1029,0,52,55,59,balanced
1030,0,33,55,67,reaction
1031,19,27,55,65,turned
1032,6,47,55,61,turned
1033,0,40,55,59,reaction
1034,0,34,55,66,balanced
1035,0,46,55,0,other
1036,29,50,55,69,turned
1037,0,32,55,0,other
1038,0,31,55,67,reaction
1039,0,43,55,61,reaction
1040,0,42,55,67,reaction
1041,0,27,55,66,balanced
1042,0,50,55,57,reaction
1043,0,50,55,58,reaction
1044,0,38,55,59,reaction
1045,0,48,55,79,reaction
1046,0,51,55,74,reaction
1047,12,40,55,66,turned
1048,38,41,55,68,turned
1049,3,30,55,85,turned
1050,1,23,55,77,turned
1051,2,25,56,78,turned
1052,0,35,56,68,reaction
1053,27,54,56,59,turned
1054,28,54,56,64,turned
1055,22,52,56,88,turned
1056,0,42,56,83,balanced
1057,33,51,56,91,turned
1058,0,50,56,82,balanced
1059,13,45,56,62,turned
1060,0,14,56,75,reaction
1061,0,40,56,75,balanced
1062,14,51,56,67,turned
1063,8,23,56,67,turned
1064,25,43,56,91,turned
1065,26,33,56,88,turned
1066,5,33,56,83,turned
1067,0,7,56,90,reaction
1068,0,39,56,70,balanced
1069,0,25,56,61,balanced
1070,0,44,56,63,balanced
1071,0,22,56,86,balanced
1072,35,38,56,67,turned
1073,0,41,56,0,other
1074,39,53,56,68,turned
1075,0,30,56,87,reaction
1076,0,50,56,58,balanced
1077,0,42,56,61,balanced
1078,0,32,56,90,reaction
1079,0,51,56,60,balanced
1080,29,52,56,63,turned
1081,6,12,56,77,turned
1082,0,49,56,60,balanced
1083,0,48,56,63,reaction
1084,0,28,56,91,reaction
1085,0,45,56,59,reaction
1086,10,35,56,86,turned
1087,0,52,56,84,balanced
1088,0,47,56,70,balanced
1089,0,43,57,62,reaction
1090,4,7,57,63,turned
1091,0,52,57,60,reaction
1092,22,44,57,91,turned
1093,0,50,57,66,balanced
1094,1,8,57,80,turned
1095,31,36,57,72,turned
1096,24,48,57,74,turned
1097,0,48,57,64,balanced
1098,31,44,57,59,turned
1099,12,49,57,59,turned
1100,0,41,57,68,reaction
1101,28,35,57,64,turned
1102,0,15,57,58,reaction
1103,0,37,57,58,balanced
1104,0,47,57,73,balanced
1105,0,55,57,64,reaction
1106,0,44,57,65,balanced
1107,0,43,57,63,balanced
1108,0,42,57,74,balanced
1109,23,33,57,0,other
1110,8,24,57,65,turned
1111,0,27,57,63,reaction
1112,0,25,57,72,reaction
1113,0,51,57,65,reaction
1114,0,54,57,73,balanced
1115,28,41,57,68,turned
1116,0,56,57,77,balanced
1117,0,41,57,81,balanced
1118,0,19,57,60,reaction
1119,11,54,57,87,turned
1120,34,46,57,71,turned
1121,3,50,57,82,turned
1122,2,47,57,86,turned
1123,0,35,57,85,reaction
1124,0,39,57,73,balanced
1125,0,41,57,80,reaction
1126,0,48,57,74,balanced
1127,0,46,57,76,balanced
1128,0,48,57,60,balanced
1129,42,48,57,0,other
1130,0,27,57,75,balanced
1131,11,23,57,71,turned
1132,0,13,57,61,reaction
1133,0,50,57,59,reaction
1134,0,56,57,58,balanced
1135,12,21,57,84,turned
1136,25,53,57,82,turned
1137,11,17,57,65,turned
1138,0,19,57,75,reaction
1139,15,28,57,74,turned
1140,0,42,57,64,balanced
1141,0,15,58,62,reaction
1142,11,19,58,61,turned
1143,0,47,58,0,other
1144,35,54,58,73,turned
1145,0,41,58,94,reaction
1146,22,51,58,75,turned
1147,30,49,58,83,turned
1148,0,56,58,84,balanced
1149,0,20,58,79,balanced
1150,32,38,58,63,turned
1151,34,55,58,92,turned
1152,0,50,58,60,balanced
1153,0,42,58,78,balanced
1154,0,55,58,82,reaction
1155,7,12,58,75,turned
1156,0,39,58,83,balanced
1157,38,55,58,78,turned
1158,35,36,58,74,turned
1159,0,51,58,75,reaction
1160,4,49,58,62,turned
1161,0,32,58,77,reaction
1162,33,39,58,81,turned
1163,0,39,58,86,balanced
1164,37,45,58,76,turned
1165,0,56,58,60,reaction
1166,0,16,58,79,balanced
1167,27,53,58,87,turned
1168,0,37,58,66,reaction
1169,3,14,58,74,turned
1170,0,48,58,66,balanced
1171,0,51,58,79,balanced
1172,0,21,58,91,balanced
1173,16,41,58,71,turned
1174,0,34,58,68,reaction
1175,0,53,58,0,other
1176,0,13,58,79,reaction
1177,14,38,58,86,turned
1178,0,28,58,77,reaction
1179,25,46,58,92,turned
1180,0,51,59,88,balanced
1181,0,31,59,87,balanced
1182,0,18,59,0,other
1183,11,51,59,62,turned
1184,0,52,59,88,reaction
1185,0,16,59,70,reaction
1186,0,31,59,83,reaction
1187,1,25,59,62,turned
1188,6,31,59,83,turned
1189,8,17,59,73,turned
1190,0,47,59,75,reaction
1191,0,55,59,60,reaction
1192,0,37,59,91,balanced
1193,0,34,59,83,reaction
1194,31,57,59,77,turned
1195,0,31,59,0,other
1196,0,43,59,67,reaction
1197,0,26,59,84,balanced
1198,14,54,59,0,other
1199,0,55,59,66,balanced
1200,24,36,59,62,turned
1201,0,44,59,73,reaction
1202,34,41,59,69,turned
1203,7,20,59,64,turned
1204,31,48,59,85,turned
1205,2,12,59,73,turned
1206,0,45,59,89,reaction
1207,0,24,59,76,reaction
1208,0,53,59,62,reaction
1209,11,39,59,73,turned
1210,0,53,59,69,balanced
1211,0,39,59,87,balanced
1212,0,51,59,0,other
1213,0,58,59,90,reaction
1214,0,49,59,75,balanced
1215,0,49,59,78,reaction
1216,1,54,59,0,other
1217,0,7,59,74,reaction
1218,0,23,59,78,reaction
1219,18,41,59,87,turned
1220,26,44,59,80,turned
1221,0,12,59,64,balanced
1222,0,22,59,78,reaction
1223,0,11,59,90,balanced
1224,0,21,59,66,balanced
1225,1,12,60,92,turned
1226,0,46,60,80,balanced
1227,14,25,60,89,turned
1228,0,43,60,68,balanced
1229,0,42,60,75,reaction
1230,0,67,60,0,other
1231,0,20,60,68,reaction
1232,0,37,60,0,other
1233,0,55,60,68,balanced
1234,0,40,60,86,reaction
1235,44,46,60,68,turned
1236,17,42,60,76,turned
1237,27,39,60,74,turned
1238,27,48,60,87,turned
1239,0,49,60,82,reaction
1240,26,57,60,81,turned
1241,0,51,60,70,reaction
1242,16,28,60,83,turned
1243,0,44,60,77,balanced
1244,14,40,60,86,turned
1245,40,48,60,87,turned
1246,4,42,60,89,turned
1247,10,40,60,64,turned
1248,25,26,60,87,turned
1249,28,50,60,88,turned
1250,0,53,60,71,reaction
1251,37,41,60,80,turned
1252,0,39,60,71,balanced
1253,0,50,60,80,balanced
1254,0,40,60,90,balanced
1255,12,52,60,69,turned
1256,0,54,60,81,reaction
1257,43,58,60,76,turned
1258,0,22,60,67,balanced
1259,0,55,60,63,reaction
1260,7,25,60,85,turned
1261,0,35,60,67,reaction
1262,33,35,60,81,turned
1263,0,18,60,66,reaction
1264,0,55,61,0,other
1265,9,41,61,70,turned
1266,0,58,61,83,balanced
1267,12,22,61,81,turned
1268,0,56,61,69,reaction
1269,0,48,61,0,other
1270,20,30,61,66,turned
1271,19,21,61,69,turned
1272,0,55,61,77,balanced
1273,0,52,61,74,reaction
1274,0,52,61,62,reaction
1275,51,53,61,78,turned
1276,0,10,61,85,reaction
1277,0,60,61,76,balanced
1278,45,54,61,67,turned
1279,0,36,61,67,reaction
1280,0,52,61,66,balanced
1281,5,57,61,86,turned
1282,0,51,61,77,balanced
1283,0,31,61,89,reaction
1284,24,56,61,68,turned
1285,3,42,61,81,turned
1286,0,58,61,75,reaction
1287,0,54,61,77,balanced
1288,0,33,61,71,reaction
1289,0,42,61,76,balanced
1290,12,35,61,66,turned
1291,0,42,61,63,reaction
1292,0,33,61,69,reaction
1293,0,59,61,66,balanced
1294,34,52,61,76,turned
1295,0,5,61,65,reaction
1296,17,33,61,80,turned
1297,6,11,61,68,turned
1298,0,54,62,65,balanced
1299,0,55,62,72,reaction
1300,15,42,62,74,turned
1301,0,54,62,0,other
1302,31,57,62,80,turned
1303,41,43,62,69,reaction
1304,0,50,62,0,other
1305,79,0,62,0,other
1306,17,54,62,89,turned
1307,0,50,62,74,balanced
1308,0,42,62,74,balanced
1309,0,49,62,74,reaction
1310,40,44,62,78,turned
1311,23,50,62,71,turned
1312,47,51,62,86,turned
1313,14,55,62,78,turned
1314,1,13,62,81,turned
1315,0,49,62,81,balanced
1316,0,48,62,0,other
1317,0,50,62,65,reaction
1318,16,51,62,67,turned
1319,4,59,62,68,turned
1320,0,52,62,83,reaction
1321,0,42,62,75,reaction
1322,50,60,62,0,other
1323,0,25,62,66,balanced
1324,0,8,62,72,reaction
1325,0,19,62,83,reaction
1326,3,28,62,77,turned
1327,0,29,62,76,reaction
1328,0,53,62,76,reaction
1329,0,56,62,68,reaction
1330,44,48,62,80,turned
1331,0,55,62,78,reaction
1332,0,47,62,78,balanced
1333,0,40,63,66,reaction
1334,17,45,63,84,turned
1335,20,55,63,64,turned
1336,10,27,63,90,turned
1337,0,62,63,0,other
1338,0,53,63,91,balanced
1339,4,54,63,73,turned
1340,36,59,63,67,turned
1341,36,37,63,68,turned
1342,27,51,63,76,turned
1343,0,52,63,72,reaction
1344,0,60,63,68,balanced
1345,0,19,63,75,reaction
1346,10,14,63,83,turned
1347,0,9,63,86,balanced
1348,0,16,63,72,reaction
1349,52,61,63,0,other
1350,0,58,63,88,balanced
1351,0,47,63,90,reaction
1352,0,54,63,70,balanced
1353,0,14,63,83,balanced
1354,21,40,63,72,turned
1355,0,58,63,0,other
1356,0,17,63,71,balanced
1357,0,57,63,93,reaction
1358,0,40,63,85,balanced
1359,4,48,63,65,turned
1360,0,51,63,94,reaction
1361,19,61,63,65,turned
1362,0,54,63,64,reaction
1363,0,31,63,88,reaction
1364,0,33,63,65,balanced
1365,18,28,63,92,turned
1366,0,44,63,94,reaction
1367,32,45,63,76,turned
1368,0,27,63,85,reaction
1369,0,42,63,85,reaction
1370,0,54,63,68,reaction
1371,0,42,64,74,reaction
1372,0,56,64,74,reaction
1373,13,51,64,88,turned
1374,3,19,64,88,turned
1375,0,30,64,91,balanced
1376,0,40,64,68,balanced
1377,0,16,64,77,reaction
1378,0,35,64,86,balanced
1379,46,0,64,82,turned
1380,13,46,64,86,turned
1381,0,38,64,66,balanced
1382,0,47,64,74,balanced
1383,0,58,64,92,reaction
1384,0,56,64,81,balanced
1385,49,52,64,67,turned
1386,0,56,64,83,reaction
1387,0,16,64,69,reaction
1388,0,40,64,84,reaction
1389,0,31,64,85,balanced
1390,0,23,64,0,other
1391,0,56,64,82,balanced
1392,12,49,64,86,reaction
1393,15,53,64,68,turned
1394,0,58,64,65,reaction
1395,22,37,64,72,turned
1396,0,49,64,89,balanced
1397,0,62,64,74,balanced
1398,0,25,64,81,balanced
1399,0,47,64,67,balanced
1400,0,56,64,79,reaction
1401,0,49,64,71,reaction
1402,0,47,64,65,reaction
1403,0,22,64,76,reaction
1404,0,57,64,74,balanced
1405,0,58,64,81,balanced
1406,0,38,64,68,reaction
1407,2,12,64,75,turned
1408,0,39,64,70,reaction
1409,0,36,64,73,balanced
1410,0,27,64,91,reaction
1411,0,32,64,68,balanced
1412,11,57,64,89,turned
1413,0,29,64,84,reaction
1414,0,43,64,76,balanced
1415,17,33,65,68,turned
1416,0,45,65,89,reaction
1417,12,20,65,87,turned
1418,8,45,65,72,turned
1419,2,17,65,81,turned
1420,0,58,65,83,reaction
1421,0,54,65,84,reaction
1422,0,27,65,89,balanced
1423,0,31,65,73,reaction
1424,0,55,65,86,balanced
1425,0,61,65,68,reaction
1426,0,62,65,90,reaction
1427,26,59,65,90,turned
1428,0,40,65,91,balanced
1429,9,33,65,69,turned
1430,2,40,65,91,turned
1431,13,56,65,69,turned
1432,0,45,65,75,balanced
1433,0,60,65,67,reaction
1434,0,37,65,73,balanced
1435,0,48,65,68,balanced
1436,43,49,65,67,turned
1437,0,45,65,69,balanced
1438,0,58,65,74,balanced
1439,18,21,65,85,turned
1440,0,45,65,90,balanced
1441,0,60,65,70,balanced
1442,40,61,65,67,turned
1443,0,50,65,85,reaction
1444,0,64,66,94,balanced
1445,0,57,66,71,balanced
1446,0,52,66,70,reaction
1447,0,57,66,74,reaction
1448,0,41,66,72,reaction
1449,0,65,66,84,reaction
1450,0,43,66,88,balanced
1451,0,47,66,67,balanced
1452,0,44,66,76,reaction
1453,22,48,66,0,other
1454,0,21,66,71,reaction
1455,0,52,66,76,balanced
1456,0,37,66,83,reaction
1457,13,29,66,74,turned
1458,0,47,66,87,reaction
1459,0,46,66,82,balanced
1460,26,35,66,85,turned
1461,0,41,66,85,reaction
1462,7,31,66,90,turned
1463,0,41,66,71,reaction
1464,0,55,66,71,reaction
1465,0,46,66,90,reaction
1466,0,33,66,69,reaction
1467,6,57,66,78,turned
1468,39,40,66,81,turned
1469,0,10,66,82,reaction
1470,0,55,66,74,balanced
1471,0,57,66,71,reaction
1472,0,50,67,84,reaction
1473,0,54,67,70,reaction
1474,18,46,67,78,turned
1475,0,23,67,73,reaction
1476,0,32,67,80,balanced
1477,0,60,67,79,reaction
1478,15,38,67,72,turned
1479,4,59,67,78,turned
1480,0,33,67,85,reaction
1481,0,51,67,72,reaction
1482,0,61,67,0,other
1483,0,54,67,92,reaction
1484,0,49,67,73,balanced
1485,0,4,67,85,reaction
1486,42,63,67,77,turned
1487,0,53,67,69,reaction
1488,8,56,67,79,turned
1489,0,46,67,69,reaction
1490,0,63,67,89,reaction
1491,0,55,67,87,balanced
1492,3,27,67,82,turned
1493,43,54,67,89,turned
1494,10,37,67,93,turned
1495,0,62,67,75,reaction
1496,0,65,67,72,balanced
1497,0,56,67,75,balanced
1498,0,47,67,69,reaction
1499,0,29,67,81,balanced
1500,0,60,67,85,reaction
1501,0,22,67,86,reaction
1502,0,43,67,78,reaction
1503,0,40,67,72,balanced
1504,45,48,67,74,turned
1505,0,22,67,92,reaction
1506,0,61,67,77,balanced
1507,0,39,67,79,balanced
1508,0,39,67,89,reaction
1509,0,8,67,71,reaction
1510,0,48,67,88,balanced
1511,0,38,67,71,balanced
1512,2,48,67,78,turned
1513,0,54,67,80,reaction
1514,0,30,68,92,balanced
1515,0,67,68,79,reaction
1516,8,56,68,81,turned
1517,0,29,68,91,reaction
1518,10,48,68,70,turned
1519,0,33,68,76,reaction
1520,19,48,68,86,turned
1521,0,12,68,74,balanced
1522,0,47,68,78,balanced
1523,0,12,68,72,reaction
1524,0,34,68,86,balanced
1525,0,32,68,82,balanced
1526,0,10,68,90,reaction
1527,0,59,68,86,reaction
1528,0,39,68,88,reaction
1529,1,58,68,69,turned
1530,14,66,68,94,turned
1531,54,62,68,82,turned
1532,0,44,68,73,balanced
1533,17,57,68,81,turned
1534,0,61,68,76,reaction
1535,6,37,68,85,turned
1536,18,51,68,0,other
1537,0,62,68,84,balanced
1538,0,66,68,75,balanced
1539,0,61,68,75,balanced
1540,0,56,68,0,other
1541,44,57,68,88,turned
1542,31,40,68,89,turned
1543,0,64,68,95,reaction
1544,0,48,68,93,reaction
1545,38,59,68,81,turned
1546,11,15,68,76,turned
1547,0,41,69,89,reaction
1548,0,60,69,93,reaction
1549,0,40,69,71,reaction
1550,0,45,69,81,reaction
1551,43,45,69,94,turned
1552,0,58,69,90,balanced
1553,0,56,69,80,balanced
1554,53,64,69,0,other
1555,0,66,69,81,reaction
1556,0,61,69,87,reaction
1557,0,43,69,0,other
1558,24,62,69,88,turned
1559,42,54,69,84,turned
1560,0,16,69,92,reaction
1561,55,62,69,81,turned
1562,0,59,69,74,reaction
1563,0,62,69,82,balanced
1564,14,29,69,79,turned
1565,0,52,69,92,balanced
1566,32,65,69,0,other
1567,0,59,69,89,balanced
1568,0,12,69,74,reaction
1569,0,65,69,91,reaction
1570,31,36,69,83,turned
1571,1,58,69,89,turned
1572,0,65,69,0,other
1573,24,60,69,86,turned
1574,0,60,69,85,reaction
1575,0,57,70,82,balanced
1576,0,30,70,80,balanced
1577,7,9,70,85,turned
1578,2,55,70,73,turned
1579,0,46,70,72,reaction
1580,0,60,70,81,reaction
1581,21,37,70,74,turned
1582,0,67,70,80,balanced
1583,0,64,70,85,balanced
1584,0,54,70,82,balanced
1585,0,61,70,88,reaction
1586,36,53,70,0,other
1587,0,64,70,0,other
1588,0,53,70,91,reaction
1589,39,52,70,78,turned
1590,0,62,70,86,reaction
1591,0,54,70,81,reaction
1592,51,58,70,84,turned
1593,0,52,70,75,reaction
1594,0,51,70,78,reaction
1595,0,32,70,92,reaction
1596,6,10,70,92,turned
1597,46,49,70,72,turned
1598,0,17,70,84,reaction
1599,0,61,70,83,reaction
1600,0,45,70,78,balanced
1601,26,66,71,93,turned
1602,0,57,71,87,reaction
1603,32,48,71,83,turned
1604,0,65,71,0,other
1605,0,68,71,78,balanced
1606,0,29,71,84,reaction
1607,0,61,71,86,reaction
1608,0,27,71,86,reaction
1609,0,51,71,76,balanced
1610,1,55,71,83,turned
1611,20,22,71,81,turned
1612,0,34,71,79,reaction
1613,0,51,71,91,reaction
1614,7,40,71,94,turned
1615,0,67,71,83,reaction
1616,40,48,71,78,turned
1617,0,64,71,0,other
1618,0,68,71,88,balanced
1619,0,46,71,88,balanced
1620,0,47,71,92,reaction
1621,0,52,71,74,balanced
1622,0,53,71,79,reaction
1623,16,42,71,82,turned
1624,0,45,71,79,balanced
1625,0,50,71,92,balanced
1626,12,41,71,74,turned
1627,0,22,71,82,reaction
1628,40,68,71,80,turned
1629,4,17,71,85,turned
1630,6,15,71,80,turned
1631,0,54,71,78,balanced
1632,49,57,71,76,turned
1633,0,45,71,75,balanced
1634,0,35,72,87,balanced
1635,0,52,72,0,other
1636,0,70,72,92,balanced
1637,0,6,72,91,balanced
1638,0,54,72,0,other
1639,0,66,72,76,reaction
1640,5,50,72,86,turned
1641,0,12,72,76,reaction
1642,0,36,72,74,balanced
1643,19,62,72,76,turned
1644,0,55,72,78,balanced
1645,0,40,72,89,reaction
1646,0,47,72,84,balanced
1647,35,71,72,83,turned
1648,0,55,72,0,other
1649,44,52,72,88,turned
1650,55,67,72,80,turned
1651,24,61,72,85,turned
1652,0,53,72,81,reaction
1653,0,70,72,75,reaction
1654,0,70,72,84,reaction
1655,46,57,72,0,other
1656,0,56,72,74,balanced
1657,0,41,73,85,reaction
1658,0,28,73,84,balanced
1659,34,69,73,89,turned
1660,0,64,73,83,reaction
1661,27,50,73,93,turned
1662,0,29,73,86,reaction
1663,3,11,73,92,turned
1664,0,43,73,91,balanced
1665,0,61,73,75,balanced
1666,0,32,73,77,reaction
1667,0,43,73,81,reaction
1668,0,38,73,78,reaction
1669,0,54,73,76,reaction
1670,0,71,73,94,balanced
1671,12,69,73,78,turned
1672,17,60,73,75,reaction
1673,8,54,73,80,turned
1674,0,70,73,80,balanced
1675,35,67,73,88,turned
1676,19,40,73,80,turned
1677,0,53,73,82,balanced
1678,0,56,73,85,balanced
1679,51,64,73,79,turned
1680,36,47,73,83,turned
1681,0,41,73,94,reaction
1682,44,50,73,82,turned
1683,0,35,73,79,balanced
1684,12,17,73,75,turned
1685,0,37,73,84,balanced
1686,30,33,73,0,other
1687,0,67,74,86,reaction
1688,16,51,74,82,turned
1689,34,45,74,80,turned
1690,0,63,74,79,reaction
1691,25,46,74,84,turned
1692,14,40,74,80,turned
1693,29,35,74,82,turned
1694,19,66,74,84,turned
1695,0,67,74,82,reaction
1696,24,70,74,86,turned
1697,0,46,74,88,balanced
1698,0,63,74,88,balanced
1699,0,58,74,77,balanced
1700,0,49,74,91,reaction
1701,0,41,74,85,balanced
1702,0,65,74,78,balanced
1703,0,70,74,88,reaction
1704,0,49,74,79,balanced
1705,1,45,74,88,turned
1706,0,54,74,80,reaction
1707,0,56,74,94,reaction
1708,0,0,0,45,other
1709,0,45,74,75,reaction
1710,4,39,74,76,turned
1711,0,46,74,78,balanced
1712,0,69,74,90,reaction
1713,0,61,74,84,balanced
1714,24,69,74,0,other
1715,0,20,74,76,balanced
1716,28,49,74,84,turned
1717,0,35,74,88,reaction
1718,0,41,74,87,balanced
1719,0,26,75,91,balanced
1720,0,25,75,91,reaction
1721,0,36,75,90,balanced
1722,0,52,75,0,other
1723,22,67,75,89,turned
1724,0,23,75,82,reaction
1725,0,70,75,84,balanced
1726,0,62,75,85,balanced
1727,0,70,75,78,reaction
1728,0,64,75,93,reaction
1729,17,38,75,87,turned
1730,50,71,75,90,turned
1731,0,65,75,76,balanced
1732,12,22,75,77,turned
1733,0,74,75,85,reaction
1734,0,50,75,90,balanced
1735,0,74,75,78,reaction
1736,0,69,75,91,balanced
1737,0,35,75,88,balanced
1738,0,34,75,87,balanced
1739,0,42,75,87,balanced
1740,0,63,75,77,reaction
1741,4,18,76,84,turned
1742,0,61,76,78,reaction
1743,38,40,76,0,other
1744,0,32,76,78,balanced
1745,27,40,76,0,other
1746,0,69,76,83,reaction
1747,0,46,76,93,reaction
1748,0,74,76,89,reaction
1749,0,38,76,81,reaction
1750,0,68,76,86,balanced
1751,0,41,76,79,balanced
1752,0,62,76,0,other
1753,0,67,76,81,balanced
1754,0,8,76,0,other
1755,0,69,76,86,balanced
1756,37,43,76,81,turned
1757,0,75,76,91,reaction
1758,38,52,76,93,turned
1759,0,52,76,83,reaction
1760,0,21,76,85,balanced
1761,0,24,77,84,reaction
1762,0,59,77,89,reaction
1763,0,11,77,93,reaction
1764,0,37,77,84,reaction
1765,24,58,77,81,turned
1766,0,76,77,0,other
1767,0,44,77,91,reaction
1768,49,69,77,90,turned
1769,7,59,77,88,turned
1770,49,72,77,92,turned
1771,0,30,77,90,balanced
1772,0,37,77,87,balanced
1773,0,55,77,87,reaction
1774,0,65,77,79,reaction
1775,0,65,77,83,reaction
1776,31,49,77,91,turned
1777,0,73,77,82,balanced
1778,0,56,77,90,balanced
1779,9,70,77,89,turned
1780,32,45,77,0,other
1781,0,71,77,80,reaction
1782,0,45,77,79,reaction
1783,0,32,78,92,balanced
1784,0,46,78,88,balanced
1785,0,32,78,92,balanced
1786,0,62,78,91,balanced
1787,0,32,78,88,balanced
1788,21,58,78,92,turned
1789,0,64,78,84,reaction
1790,0,0,78,91,other
1791,0,74,78,88,balanced
1792,0,31,78,94,balanced
1793,55,74,78,81,turned
1794,40,48,78,88,turned
1795,0,69,78,86,reaction
1796,4,33,78,85,turned
1797,0,22,78,90,balanced
1798,0,65,78,0,other
1799,2,16,78,82,turned
1800,12,38,78,89,turned
1801,23,63,78,84,reaction
1802,0,69,78,0,other
1803,0,70,78,81,reaction
1804,0,46,78,84,reaction
1805,0,40,78,82,reaction
1806,15,68,78,81,turned
1807,0,59,78,90,reaction
1808,0,70,78,80,reaction
1809,0,49,78,86,balanced
1810,0,68,78,86,balanced
1811,0,48,79,86,reaction
1812,0,47,79,86,balanced
1813,5,27,79,88,turned
1814,38,75,79,81,turned
1815,0,44,79,84,reaction
1816,26,56,79,93,turned
1817,0,68,79,94,reaction
1818,0,78,79,88,balanced
1819,3,54,79,84,turned
1820,0,12,79,82,reaction
1821,0,42,79,83,reaction
1822,0,72,79,81,balanced
1823,0,28,79,86,reaction
1824,0,47,79,88,balanced
1825,0,70,79,94,balanced
1826,0,48,79,89,reaction
1827,0,56,80,87,reaction
1828,56,75,80,87,turned
1829,0,69,80,83,balanced
1830,0,59,80,91,balanced
1831,0,73,80,86,reaction
1832,0,61,80,94,balanced
1833,0,45,80,92,reaction
1834,0,46,80,85,reaction
1835,0,18,80,87,reaction
1836,0,47,60,89,balanced
1837,0,34,80,89,reaction
1838,0,76,80,88,balanced
1839,0,66,80,84,reaction
1840,0,71,80,90,balanced
1841,0,70,80,91,balanced
1842,0,50,80,0,other
1843,27,60,80,91,turned
1844,0,54,80,84,balanced
1845,0,47,80,84,balanced
1846,0,76,80,0,other
1847,43,65,80,89,turned
1848,0,61,80,82,balanced
1849,0,73,80,87,balanced
1850,0,53,80,92,balanced
1851,0,23,80,92,balanced
1852,48,55,80,94,turned
1853,23,67,81,84,turned
1854,34,77,81,84,turned
1855,0,65,81,94,reaction
1856,0,58,81,93,balanced
1857,8,16,81,85,turned
1858,0,20,81,85,reaction
1859,0,32,81,86,reaction
1860,0,65,81,86,reaction
1861,0,79,81,82,balanced
1862,0,32,81,92,balanced
1863,0,46,81,0,other
1864,42,52,81,82,turned
1865,0,48,81,86,balanced
1866,0,46,82,88,balanced
1867,11,78,82,90,turned
1868,0,40,82,90,reaction
1869,0,48,82,92,balanced
1870,0,21,82,85,reaction
1871,0,54,82,84,balanced
1872,0,13,82,87,balanced
1873,16,24,82,92,turned
1874,0,63,82,91,balanced
1875,0,48,82,89,balanced
1876,0,43,82,93,reaction
1877,0,50,82,84,balanced
1878,61,70,82,86,turned
1879,0,24,82,84,reaction
1880,0,68,82,90,balanced
1881,0,46,82,84,balanced
1882,0,73,82,83,balanced
1883,0,78,82,88,reaction
1884,17,59,82,86,turned
1885,3,38,82,92,turned
1886,45,58,83,0,other
1887,2,67,83,93,turned
1888,0,25,83,87,balanced
1889,39,65,83,92,turned
1890,0,33,83,91,reaction
1891,54,72,83,92,turned
1892,0,75,83,84,reaction
1893,0,55,83,0,other
1894,0,23,83,87,reaction
1895,10,29,83,94,turned
1896,53,79,83,90,turned
1897,23,45,83,91,turned
1898,0,35,83,89,balanced
1899,0,69,83,92,reaction
1900,0,35,83,93,reaction
1901,0,35,83,86,reaction
1902,0,70,84,0,other
1903,0,78,84,88,reaction
1904,0,65,84,87,reaction
1905,0,61,84,89,balanced
1906,0,82,84,87,reaction
1907,0,39,84,88,reaction
1908,0,19,84,90,reaction
1909,0,48,84,91,reaction
1910,49,78,84,0,other
1911,0,46,85,93,balanced
1912,0,76,85,90,reaction
1913,0,70,85,0,other
1914,24,73,85,88,turned
1915,0,64,85,92,reaction
1916,38,59,85,91,turned
1917,13,61,85,91,turned
1918,3,18,85,93,turned
1919,0,48,85,90,balanced
1920,0,62,86,90,balanced
1921,29,73,86,93,turned
1922,0,72,86,91,reaction
1923,0,44,86,0,other
1924,0,56,86,91,reaction
1925,0,32,86,90,reaction
1926,6,47,86,0,other
1927,0,81,86,88,reaction
1928,0,58,86,93,reaction
1929,0,52,86,91,reaction
1930,47,68,86,89,turned
1931,2,33,86,90,reaction
1932,16,26,86,0,other
1933,40,83,86,0,other
1934,0,84,86,92,reaction
1935,0,40,86,94,reaction
1936,0,64,86,88,reaction
1937,0,52,86,92,reaction
1938,19,58,87,89,turned
1939,0,62,87,89,balanced
1940,0,62,87,90,balanced
1941,0,15,87,89,reaction
1942,0,82,87,89,reaction
1943,49,61,87,90,turned
1944,0,55,87,89,reaction
1945,0,65,87,88,balanced
1946,0,49,87,88,reaction
1947,29,51,87,0,other
1948,0,64,87,91,balanced
1949,0,55,87,93,balanced
1950,0,31,87,0,other
1951,17,58,87,90,turned
1952,0,57,87,89,reaction
1953,0,34,87,93,balanced
1954,18,62,87,95,turned
1955,0,79,87,93,balanced
1956,39,79,88,91,turned
1957,46,51,88,0,other
1958,0,36,88,92,reaction
1959,70,86,88,90,turned
1960,23,28,88,90,turned
1961,0,78,88,90,reaction
1962,0,61,88,94,balanced
1963,0,85,88,92,balanced
1964,0,56,88,91,balanced
1965,0,74,88,0,other
1966,0,62,88,93,reaction
1967,0,75,88,90,reaction
1968,0,75,88,92,balanced
1969,17,71,89,92,turned
1970,64,72,89,92,turned
1971,0,67,89,93,balanced
1972,0,43,89,91,reaction
1973,0,51,89,0,other
1974,53,75,89,0,other
1975,0,57,89,91,balanced
1976,0,79,89,94,reaction
1977,0,84,89,0,other
1978,61,87,89,0,other
1979,34,51,89,0,other
1980,82,85,90,0,other
1981,0,79,90,94,balanced
1982,45,88,90,93,turned
1983,0,56,90,92,reaction
1984,0,52,90,92,reaction
1985,18,44,90,94,turned
1986,0,87,90,92,balanced
1987,0,48,91,93,balanced
1988,0,75,91,92,reaction
1989,0,48,91,93,reaction
1990,0,60,91,92,reaction
1991,78,87,91,0,other
1992,9,31,92,0,other
1993,14,39,92,95,turned
1994,20,48,92,95,turned
1995,4,25,92,0,other
1996,0,75,92,93,reaction
1997,0,65,93,0,other
1998,0,55,93,94,balanced
1999,0,83,93,0,other
